tx_id,student_id,amount,channel,timestamp
TXN-F5094717,STU97907,329000,Wallet,2026-05-08T11:44:13.060738
TXN-D22B06B9,STU86171,258000,Bank,2026-05-10T13:05:13.060738
TXN-4C49F36F,STU68119,482000,Wallet,2026-05-10T16:32:13.060738
TXN-0FE2CB97,STU37191,391000,Wallet,2026-05-07T13:38:13.060738
TXN-1E4D08AE,STU72961,128000,Bank,2026-05-08T19:22:13.060738
TXN-CAF8ECCB,STU21154,402000,Bank,2026-05-09T19:40:13.060738
TXN-E53891CD,STU69215,95000,Wallet,2026-05-10T12:26:13.060738
TXN-0932412E,STU29079,468000,Wallet,2026-05-10T19:50:13.060738
TXN-6158A7CC,STU26059,77000,Bank,2026-05-11T09:43:13.060738
TXN-AAA09F8A,STU43477,226000,Wallet,2026-05-10T06:13:13.060738
TXN-B320CF36,STU97889,469000,Bank,2026-05-08T21:04:13.060738
TXN-34D97B81,STU18144,359000,Wallet,2026-05-08T23:40:13.060738
TXN-C71C2A96,STU48904,446000,Wallet,2026-05-06T17:06:13.060738
TXN-13F32EF6,STU97259,79000,Bank,2026-05-07T15:09:13.060738
TXN-25DB6446,STU34331,403000,Wallet,2026-05-07T02:42:13.060738
TXN-39880975,STU77589,238000,Bank,2026-05-07T15:29:13.060738
TXN-A996B258,STU83265,336000,Wallet,2026-05-06T09:11:13.060738
TXN-9CDD340A,STU59463,209000,Bank,2026-05-07T06:59:13.060738
TXN-47F607E4,STU92816,185000,Wallet,2026-05-08T08:31:13.060738
TXN-B2CC660A,STU91949,310000,Bank,2026-05-11T03:16:13.060738
TXN-F83E9858,STU85320,369000,Bank,2026-05-11T08:56:13.060738
TXN-27DEF30C,STU94158,133000,Wallet,2026-05-06T17:58:13.060738
TXN-4E2B3F09,STU85488,321000,Wallet,2026-05-05T22:56:13.060738
TXN-A8725CA9,STU60063,94000,Wallet,2026-05-05T05:31:13.060738
TXN-5198F530,STU40896,249000,Wallet,2026-05-06T00:20:13.060738
TXN-4C303C24,STU22821,392000,Bank,2026-05-07T11:05:13.060738
TXN-208C66A3,STU99226,363000,Bank,2026-05-08T01:08:13.060738
TXN-1BA3608B,STU28199,434000,Bank,2026-05-08T22:57:13.060738
TXN-E08A0BD5,STU67608,186000,Wallet,2026-05-11T02:19:13.060738
TXN-B919049B,STU86418,146000,Bank,2026-05-05T18:07:13.060738
TXN-40B81B78,STU35348,397000,Bank,2026-05-07T03:21:13.060738
TXN-A97F75A2,STU47390,228000,Wallet,2026-05-05T19:27:13.060738
TXN-7A99C1DD,STU30132,335000,Wallet,2026-05-09T18:48:13.060738
TXN-8FB7FFC3,STU75105,444000,Bank,2026-05-09T00:02:13.060738
TXN-AF959D95,STU61628,190000,Bank,2026-05-07T09:39:13.060738
TXN-D43FA59E,STU87063,226000,Bank,2026-05-10T19:52:13.060738
TXN-582BC190,STU14546,446000,Bank,2026-05-08T02:30:13.060738
TXN-B89ECF48,STU45305,72000,Wallet,2026-05-08T13:28:13.060738
TXN-4D562BAA,STU21390,65000,Wallet,2026-05-04T23:58:13.060738
TXN-60203052,STU39793,73000,Wallet,2026-05-08T12:40:13.060738
TXN-99F74482,STU84946,215000,Bank,2026-05-05T10:44:13.060738
TXN-8A1956FE,STU90438,412000,Wallet,2026-05-10T09:34:13.060738
TXN-6AA43AF6,STU38109,435000,Bank,2026-05-11T07:16:13.060738
TXN-A79FABA4,STU69374,402000,Bank,2026-05-06T22:41:13.060738
TXN-0688C3FC,STU23495,456000,Bank,2026-05-07T06:14:13.060738
TXN-005C824D,STU70360,105000,Wallet,2026-05-07T11:55:13.060738
TXN-F75ECC3A,STU69809,134000,Bank,2026-05-07T20:18:13.060738
TXN-11896A80,STU81252,227000,Bank,2026-05-05T06:15:13.060738
TXN-4498577F,STU66010,61000,Bank,2026-05-06T16:38:13.060738
TXN-A3D6D49C,STU98711,473000,Bank,2026-05-05T11:01:13.060738
TXN-FF29A7A1,STU54235,103000,Bank,2026-05-08T05:39:13.060738
TXN-CBD0F4EF,STU29013,272000,Bank,2026-05-09T17:45:13.060738
TXN-4270CA11,STU88256,428000,Bank,2026-05-10T13:58:13.060738
TXN-D86D3932,STU16795,58000,Wallet,2026-05-09T16:57:13.060738
TXN-68C80DD3,STU37843,90000,Bank,2026-05-08T13:05:13.060738
TXN-9AC49F4C,STU26338,298000,Wallet,2026-05-10T19:10:13.060738
TXN-00F4DC24,STU47512,426000,Wallet,2026-05-09T22:55:13.060738
TXN-D72D7247,STU60700,63000,Bank,2026-05-07T14:59:13.060738
TXN-F28E1822,STU28765,273000,Bank,2026-05-06T07:58:13.060738
TXN-2BFE9537,STU64193,176000,Bank,2026-05-11T08:53:13.060738
TXN-738140F5,STU81067,187000,Wallet,2026-05-07T04:45:13.060738
TXN-38D15E2E,STU81077,422000,Wallet,2026-05-09T20:23:13.060738
TXN-B30DDD6A,STU56235,309000,Wallet,2026-05-11T17:25:13.060738
TXN-292C4442,STU83684,413000,Wallet,2026-05-09T02:09:13.060738
TXN-AECE9882,STU99580,351000,Bank,2026-05-07T19:56:13.060738
TXN-9A19EB8E,STU60881,476000,Bank,2026-05-08T14:04:13.060738
TXN-DE044C9F,STU18541,453000,Bank,2026-05-07T06:14:13.060738
TXN-3699CC24,STU58987,272000,Wallet,2026-05-11T04:11:13.060738
TXN-B22AC40E,STU15968,484000,Bank,2026-05-10T09:04:13.060738
TXN-EB4A0FF2,STU43736,150000,Wallet,2026-05-11T06:38:13.060738
TXN-47DD9DCE,STU50185,430000,Wallet,2026-05-10T21:59:13.060738
TXN-931A590A,STU81211,430000,Wallet,2026-05-07T01:47:13.060738
TXN-219D3E18,STU68156,491000,Bank,2026-05-10T21:56:13.060738
TXN-04959917,STU60131,425000,Wallet,2026-05-06T20:21:13.060738
TXN-EAEDC56F,STU17645,182000,Bank,2026-05-07T03:24:13.060738
TXN-DC11507C,STU23664,255000,Wallet,2026-05-09T20:02:13.060738
TXN-37623AE7,STU12323,416000,Bank,2026-05-09T21:11:13.060738
TXN-2DBA35EB,STU92220,179000,Wallet,2026-05-09T11:06:13.060738
TXN-8A5508E5,STU20693,456000,Bank,2026-05-08T19:54:13.060738
TXN-C1EB19A4,STU84492,105000,Bank,2026-05-09T11:55:13.060738
TXN-7F4AB170,STU59029,70000,Wallet,2026-05-05T14:43:13.060738
TXN-A1F9A6FA,STU44955,274000,Bank,2026-05-08T02:16:13.060738
TXN-34953893,STU19125,165000,Wallet,2026-05-06T20:31:13.060738
TXN-CC85BC64,STU92310,336000,Bank,2026-05-09T13:27:13.060738
TXN-A17BB0C2,STU37034,487000,Wallet,2026-05-05T07:13:13.060738
TXN-88E5D573,STU51496,455000,Bank,2026-05-07T17:33:13.060738
TXN-B2374B5B,STU13959,248000,Wallet,2026-05-11T07:39:13.060738
TXN-6BB6FE50,STU56374,174000,Bank,2026-05-08T12:12:13.060738
TXN-FF66BDE8,STU30677,403000,Wallet,2026-05-08T17:10:13.060738
TXN-AB02A099,STU25628,407000,Wallet,2026-05-07T03:13:13.060738
TXN-B8E68E07,STU14745,282000,Wallet,2026-05-05T08:50:13.060738
TXN-5D95F11A,STU60487,422000,Bank,2026-05-05T21:31:13.060738
TXN-D2D85A4E,STU88041,156000,Wallet,2026-05-09T16:25:13.060738
TXN-D3DA8613,STU70993,295000,Bank,2026-05-11T02:54:13.060738
TXN-F8C7E06D,STU48571,351000,Wallet,2026-05-05T11:47:13.060738
TXN-9EC38637,STU42983,172000,Wallet,2026-05-09T11:32:13.060738
TXN-C5093327,STU93964,203000,Wallet,2026-05-11T09:19:13.060738
TXN-94555B4A,STU24878,366000,Bank,2026-05-06T13:06:13.060738
TXN-054B0D4C,STU31494,184000,Bank,2026-05-09T09:40:13.060738
TXN-EAF15940,STU16046,399000,Bank,2026-05-11T13:27:13.060738
TXN-B4E6BBFA,STU11030,88000,Bank,2026-05-09T05:57:13.060738
TXN-0B92F759,STU65333,251000,Bank,2026-05-06T19:49:13.060738
TXN-609B54A6,STU88132,323000,Wallet,2026-05-08T07:32:13.060738
TXN-0ACE55E7,STU60506,194000,Bank,2026-05-05T00:16:13.060738
TXN-8DC33164,STU98022,229000,Bank,2026-05-05T23:10:13.060738
TXN-8AECDE9F,STU56621,258000,Bank,2026-05-06T09:26:13.060738
TXN-01A3000B,STU90377,67000,Wallet,2026-05-04T22:05:13.060738
TXN-4BB4116F,STU89561,71000,Wallet,2026-05-09T19:21:13.060738
TXN-2291A18C,STU30923,355000,Bank,2026-05-06T19:17:13.060738
TXN-4C1E8EC6,STU45219,194000,Bank,2026-05-09T02:19:13.060738
TXN-8D0A34CA,STU85062,473000,Bank,2026-05-07T11:34:13.060738
TXN-D796642B,STU58656,477000,Bank,2026-05-09T04:35:13.060738
TXN-98344347,STU50374,352000,Wallet,2026-05-05T22:21:13.060738
TXN-02D273DE,STU67366,229000,Bank,2026-05-08T04:02:13.060738
TXN-62CB8A36,STU93280,255000,Bank,2026-05-07T08:38:13.060738
TXN-D2BE9BAB,STU38240,465000,Wallet,2026-05-09T04:54:13.060738
TXN-FD4C4894,STU11524,123000,Bank,2026-05-11T01:09:13.060738
TXN-ECCC22A2,STU71777,99000,Wallet,2026-05-09T07:04:13.060738
TXN-584C2489,STU59950,404000,Bank,2026-05-08T16:38:13.060738
TXN-1AC66F80,STU19850,269000,Wallet,2026-05-09T22:12:13.060738
TXN-53F00058,STU19052,318000,Wallet,2026-05-07T08:21:13.060738
TXN-2A9622ED,STU82949,500000,Wallet,2026-05-10T09:48:13.060738
TXN-CB88E59E,STU73007,226000,Bank,2026-05-08T02:24:13.060738
TXN-4302F550,STU70247,107000,Wallet,2026-05-07T02:31:13.060738
TXN-C6784853,STU64397,88000,Bank,2026-05-06T03:29:13.060738
TXN-1BEFD559,STU33045,300000,Bank,2026-05-06T18:24:13.060738
TXN-812CEDD6,STU50809,382000,Wallet,2026-05-10T10:00:13.060738
TXN-35C9CDE9,STU76057,332000,Bank,2026-05-05T12:55:13.060738
TXN-4C1ACC10,STU52149,379000,Bank,2026-05-08T18:29:13.060738
TXN-C7252822,STU31228,121000,Wallet,2026-05-10T18:51:13.060738
TXN-1053F9FE,STU72731,482000,Bank,2026-05-05T08:56:13.060738
TXN-3807D079,STU15265,463000,Wallet,2026-05-08T12:27:13.060738
TXN-2BACC866,STU79771,387000,Bank,2026-05-05T18:59:13.060738
TXN-F378CAE4,STU29463,50000,Wallet,2026-05-08T02:31:13.060738
TXN-B1CA2607,STU33037,271000,Bank,2026-05-08T01:25:13.060738
TXN-08CA6EDC,STU45754,65000,Wallet,2026-05-08T01:13:13.060738
TXN-EEF282D7,STU13164,184000,Wallet,2026-05-09T06:21:13.060738
TXN-85418D2E,STU38000,182000,Wallet,2026-05-09T01:47:13.060738
TXN-C68057CD,STU19206,80000,Wallet,2026-05-09T13:28:13.060738
TXN-705952BB,STU16143,83000,Bank,2026-05-08T11:16:13.060738
TXN-1EA4AD6E,STU89146,161000,Wallet,2026-05-05T12:37:13.060738
TXN-6CAF3769,STU18729,487000,Wallet,2026-05-08T00:40:13.060738
TXN-3D64EDEB,STU89275,222000,Wallet,2026-05-08T20:00:13.060738
TXN-22255FBF,STU98599,369000,Bank,2026-05-10T17:45:13.060738
TXN-225E7FDA,STU96218,53000,Bank,2026-05-08T05:19:13.060738
TXN-0AD8DBD3,STU33186,201000,Wallet,2026-05-05T05:26:13.060738
TXN-71FCC213,STU78287,58000,Bank,2026-05-11T04:38:13.060738
TXN-C5487C23,STU85554,122000,Wallet,2026-05-08T09:25:13.060738
TXN-C6774F07,STU44350,409000,Bank,2026-05-06T08:30:13.060738
TXN-70FA5A7F,STU92337,172000,Wallet,2026-05-10T01:40:13.060738
TXN-89703A92,STU21615,345000,Wallet,2026-05-08T10:40:13.060738
TXN-21BB03ED,STU65575,167000,Wallet,2026-05-08T15:53:13.060738
TXN-F96BC408,STU16854,306000,Bank,2026-05-05T13:42:13.060738
TXN-8FCC44A0,STU89061,466000,Wallet,2026-05-11T16:47:13.060738
TXN-80C43B84,STU10711,424000,Bank,2026-05-09T20:29:13.060738
TXN-BF8F71C6,STU22651,51000,Wallet,2026-05-06T08:02:13.060738
TXN-442B40D6,STU70996,270000,Wallet,2026-05-05T23:15:13.060738
TXN-5E896A16,STU89304,432000,Wallet,2026-05-10T11:20:13.060738
TXN-F9E18284,STU27161,302000,Bank,2026-05-06T11:25:13.060738
TXN-9E620DB8,STU48216,427000,Wallet,2026-05-07T20:56:13.060738
TXN-98A5ACB4,STU77133,70000,Wallet,2026-05-10T11:24:13.060738
TXN-D59A799E,STU21501,244000,Wallet,2026-05-06T01:31:13.060738
TXN-E8E9F680,STU72220,196000,Bank,2026-05-05T10:14:13.060738
TXN-632A01F9,STU50625,298000,Wallet,2026-05-06T23:19:13.060738
TXN-E5A9394A,STU21198,200000,Wallet,2026-05-10T18:27:13.060738
TXN-F21E1913,STU75482,478000,Bank,2026-05-10T16:47:13.060738
TXN-75A1ACD0,STU64969,386000,Wallet,2026-05-08T20:56:13.060738
TXN-7BDC0AA0,STU34829,321000,Wallet,2026-05-05T19:08:13.060738
TXN-51FD5A1C,STU11159,431000,Bank,2026-05-06T11:50:13.060738
TXN-3ECB860D,STU93873,147000,Wallet,2026-05-06T13:10:13.060738
TXN-F60F04D2,STU90581,166000,Wallet,2026-05-05T02:05:13.060738
TXN-5FFAA78A,STU38669,300000,Bank,2026-05-05T23:16:13.060738
TXN-F2B64BF8,STU61067,451000,Wallet,2026-05-10T06:35:13.060738
TXN-D79E53FA,STU42215,92000,Bank,2026-05-10T17:08:13.060738
TXN-60173D81,STU82149,214000,Bank,2026-05-07T20:51:13.060738
TXN-1EAA93B0,STU64361,58000,Wallet,2026-05-06T14:34:13.060738
TXN-CDB8B5D3,STU88777,166000,Bank,2026-05-05T21:42:13.060738
TXN-A927B063,STU79833,91000,Bank,2026-05-11T11:10:13.060738
TXN-E83B2178,STU42224,484000,Bank,2026-05-05T01:24:13.060738
TXN-76BD1E9A,STU94272,175000,Wallet,2026-05-09T17:00:13.060738
TXN-E221B25D,STU20814,462000,Bank,2026-05-07T18:03:13.060738
TXN-4073B1FF,STU68217,78000,Bank,2026-05-10T05:57:13.060738
TXN-81CF77A5,STU95247,378000,Wallet,2026-05-08T03:06:13.060738
TXN-02D58A65,STU39611,476000,Bank,2026-05-05T16:29:13.060738
TXN-62090C52,STU26307,129000,Bank,2026-05-08T14:39:13.060738
TXN-8B77530C,STU49905,279000,Bank,2026-05-06T09:19:13.060738
TXN-0CD4D1B9,STU42662,91000,Bank,2026-05-06T17:01:13.060738
TXN-347D7B9E,STU63964,88000,Wallet,2026-05-09T14:53:13.060738
TXN-70A91A24,STU88267,311000,Bank,2026-05-06T18:14:13.060738
TXN-DF90FEA1,STU67314,422000,Bank,2026-05-11T09:01:13.060738
TXN-9BF27B46,STU83257,278000,Wallet,2026-05-06T22:24:13.060738
TXN-B1A21215,STU58128,165000,Wallet,2026-05-07T10:57:13.060738
TXN-2DCFA67A,STU70899,453000,Bank,2026-05-10T15:22:13.060738
TXN-62515A2F,STU87353,209000,Wallet,2026-05-05T08:21:13.060738
TXN-82F83920,STU20524,176000,Wallet,2026-05-11T01:33:13.060738
TXN-E0EA272A,STU75034,70000,Bank,2026-05-09T02:34:13.060738
TXN-830BB641,STU70134,304000,Wallet,2026-05-05T05:13:13.060738
TXN-40D40C23,STU54780,272000,Wallet,2026-05-08T06:46:13.060738
TXN-97B3CF13,STU53012,389000,Wallet,2026-05-08T10:39:13.060738
TXN-31246E63,STU39726,284000,Bank,2026-05-10T03:58:13.060738
TXN-6C421C85,STU65672,170000,Wallet,2026-05-08T07:59:13.060738
TXN-FC5BE7BE,STU66268,378000,Bank,2026-05-07T13:36:13.060738
TXN-C7942AE6,STU43587,88000,Bank,2026-05-07T21:26:13.060738
TXN-536651FC,STU97324,234000,Bank,2026-05-07T17:39:13.060738
TXN-5C0B5280,STU55192,490000,Bank,2026-05-08T21:15:13.060738
TXN-FCD64575,STU26750,313000,Wallet,2026-05-11T19:23:13.060738
TXN-D40E2C5C,STU41449,374000,Wallet,2026-05-05T15:25:13.060738
TXN-2221905F,STU63200,218000,Wallet,2026-05-10T01:02:13.060738
TXN-CF8E6A7C,STU63360,227000,Bank,2026-05-07T19:50:13.060738
TXN-519E6D5B,STU78064,246000,Wallet,2026-05-05T04:48:13.060738
TXN-415BF96A,STU79526,299000,Wallet,2026-05-06T20:22:13.060738
TXN-6F5B7149,STU83900,154000,Bank,2026-05-10T19:33:13.060738
TXN-C5909C4D,STU86831,81000,Bank,2026-05-06T16:24:13.060738
TXN-D3A75952,STU29689,386000,Wallet,2026-05-05T11:28:13.060738
TXN-FF284CB2,STU43077,174000,Bank,2026-05-06T14:39:13.060738
TXN-3F486A7F,STU60528,129000,Bank,2026-05-06T07:00:13.060738
TXN-BF35C932,STU90043,214000,Wallet,2026-05-08T13:02:13.060738
TXN-1374DBFE,STU79194,255000,Bank,2026-05-07T22:43:13.060738
TXN-4D8CE634,STU52072,247000,Wallet,2026-05-07T14:05:13.060738
TXN-91E70D97,STU86027,260000,Bank,2026-05-10T17:20:13.060738
TXN-8DF56EF5,STU92127,267000,Wallet,2026-05-05T03:36:13.060738
TXN-51319EE9,STU66710,244000,Bank,2026-05-07T11:54:13.060738
TXN-3CE0E790,STU53977,148000,Bank,2026-05-08T11:54:13.060738
TXN-3F4D1BBE,STU38283,423000,Bank,2026-05-09T20:32:13.060738
TXN-D2ED3329,STU92351,113000,Wallet,2026-05-06T03:00:13.060738
TXN-75756383,STU73021,361000,Wallet,2026-05-05T11:48:13.060738
TXN-4A5824B5,STU13797,61000,Bank,2026-05-08T06:19:13.060738
TXN-1F777539,STU30548,231000,Bank,2026-05-09T18:56:13.060738
TXN-D4A1D47A,STU74145,119000,Wallet,2026-05-07T03:22:13.060738
TXN-3176CA9F,STU35081,184000,Bank,2026-05-07T23:33:13.060738
TXN-2BDB04C6,STU48475,142000,Wallet,2026-05-09T06:49:13.060738
TXN-E9A39D4F,STU25221,149000,Wallet,2026-05-10T10:39:13.060738
TXN-3F953134,STU97129,499000,Wallet,2026-05-10T13:50:13.060738
TXN-5E23FFB1,STU82046,97000,Wallet,2026-05-09T04:11:13.060738
TXN-1FDD3F0B,STU45011,271000,Wallet,2026-05-09T15:44:13.060738
TXN-863F066A,STU54697,193000,Wallet,2026-05-10T23:11:13.060738
TXN-4931DABB,STU50429,427000,Wallet,2026-05-05T23:11:13.060738
TXN-8C8C797A,STU28909,275000,Wallet,2026-05-08T23:25:13.060738
TXN-99E51130,STU94534,351000,Bank,2026-05-10T20:58:13.060738
TXN-8FD0E7B2,STU52575,251000,Wallet,2026-05-11T00:57:13.060738
TXN-A23CDA18,STU34160,494000,Wallet,2026-05-07T19:38:13.060738
TXN-767B92B9,STU74891,73000,Bank,2026-05-10T03:56:13.060738
TXN-812E9961,STU92275,379000,Bank,2026-05-07T01:47:13.060738
TXN-7BF6785A,STU58591,262000,Bank,2026-05-08T01:05:13.060738
TXN-5E995805,STU58533,301000,Bank,2026-05-07T04:12:13.060738
TXN-1B7B4608,STU14043,326000,Bank,2026-05-09T15:44:13.060738
TXN-23757A61,STU74122,316000,Bank,2026-05-05T22:24:13.060738
TXN-C3D09E6C,STU16850,346000,Wallet,2026-05-07T13:35:13.060738
TXN-2D56C993,STU59888,106000,Bank,2026-05-11T06:19:13.060738
TXN-410F2583,STU64118,220000,Wallet,2026-05-09T01:11:13.060738
TXN-3B386B61,STU15594,321000,Wallet,2026-05-07T01:07:13.060738
TXN-4849FB25,STU49835,329000,Bank,2026-05-07T10:36:13.060738
TXN-C1C008E9,STU96078,183000,Bank,2026-05-08T00:05:13.060738
TXN-44B81032,STU21578,422000,Bank,2026-05-10T22:13:13.060738
TXN-F8487826,STU57861,196000,Bank,2026-05-11T15:08:13.060738
TXN-41363537,STU90856,350000,Wallet,2026-05-09T12:29:13.060738
TXN-9D17C21D,STU62649,138000,Wallet,2026-05-09T03:47:13.060738
TXN-EEB4A7AF,STU58243,348000,Bank,2026-05-05T21:59:13.060738
TXN-1212FEC9,STU71286,107000,Bank,2026-05-06T02:17:13.060738
TXN-C8C2EAA9,STU26149,118000,Wallet,2026-05-08T17:37:13.060738
TXN-B12631B1,STU60986,406000,Bank,2026-05-09T11:00:13.060738
TXN-E1E5484D,STU38221,387000,Wallet,2026-05-08T18:04:13.060738
TXN-C22F9BF0,STU45165,336000,Bank,2026-05-11T16:20:13.060738
TXN-80F50FA1,STU57552,130000,Wallet,2026-05-11T00:42:13.060738
TXN-E753AE2A,STU84903,360000,Wallet,2026-05-10T00:48:13.060738
TXN-352D6040,STU17085,487000,Wallet,2026-05-11T01:30:13.060738
TXN-D0A9869D,STU24997,162000,Bank,2026-05-11T08:11:13.060738
TXN-F7DFCB9D,STU90192,304000,Bank,2026-05-10T18:49:13.060738
TXN-9BFDD60A,STU67610,181000,Bank,2026-05-05T08:10:13.060738
TXN-420C9DF6,STU40669,437000,Wallet,2026-05-06T16:19:13.060738
TXN-19314116,STU32682,479000,Bank,2026-05-06T12:16:13.060738
TXN-5CE9E246,STU23808,57000,Bank,2026-05-06T20:55:13.060738
TXN-6BE243F1,STU16565,347000,Wallet,2026-05-10T09:30:13.060738
TXN-47B7CD95,STU16441,357000,Wallet,2026-05-10T09:11:13.060738
TXN-10D25647,STU76528,102000,Bank,2026-05-11T04:07:13.060738
TXN-DF1F9BC7,STU98811,375000,Bank,2026-05-07T20:47:13.060738
TXN-52CFE636,STU80847,265000,Bank,2026-05-06T04:25:13.060738
TXN-2501B71F,STU15142,407000,Wallet,2026-05-08T07:28:13.060738
TXN-CDCA52D9,STU37071,314000,Wallet,2026-05-11T03:29:13.060738
TXN-F2CDF193,STU93177,160000,Wallet,2026-05-06T02:37:13.060738
TXN-4FE994E8,STU66062,90000,Wallet,2026-05-11T17:10:13.060738
TXN-4BBCCE0F,STU28019,59000,Wallet,2026-05-10T10:52:13.060738
TXN-B829A938,STU32283,343000,Wallet,2026-05-08T02:58:13.060738
TXN-6CBCE708,STU38352,371000,Bank,2026-05-07T05:58:13.060738
TXN-886558C0,STU17866,150000,Bank,2026-05-08T16:15:13.060738
TXN-8B66AFE6,STU95458,414000,Wallet,2026-05-05T18:43:13.060738
TXN-E1D19D6A,STU64426,287000,Wallet,2026-05-05T14:19:13.060738
TXN-82D10702,STU42290,182000,Wallet,2026-05-07T12:44:13.060738
TXN-F7450747,STU16010,284000,Wallet,2026-05-11T01:10:13.060738
TXN-C8BCA528,STU42253,457000,Wallet,2026-05-11T13:01:13.060738
TXN-4C22B0CD,STU66289,141000,Wallet,2026-05-05T18:55:13.060738
TXN-883853DF,STU13085,173000,Wallet,2026-05-09T01:30:13.060738
TXN-6208CFF5,STU24971,132000,Wallet,2026-05-09T10:24:13.060738
TXN-0FCA092E,STU87597,332000,Wallet,2026-05-06T20:22:13.060738
TXN-38CB6058,STU95818,253000,Wallet,2026-05-05T10:45:13.060738
TXN-205A47B4,STU41748,211000,Bank,2026-05-10T17:11:13.060738
TXN-7B55F380,STU63344,350000,Wallet,2026-05-05T23:12:13.060738
TXN-F04D50F8,STU91250,372000,Bank,2026-05-10T05:41:13.060738
TXN-386127B0,STU75268,268000,Wallet,2026-05-10T05:39:13.060738
TXN-ED50510B,STU96516,72000,Wallet,2026-05-06T11:31:13.060738
TXN-17DB4420,STU41245,169000,Bank,2026-05-10T08:18:13.060738
TXN-1CF85AEC,STU93071,403000,Wallet,2026-05-07T04:14:13.060738
TXN-14574ED2,STU37362,176000,Wallet,2026-05-05T04:13:13.060738
TXN-27477326,STU97850,231000,Bank,2026-05-11T09:56:13.060738
TXN-F4DB53BC,STU99139,271000,Bank,2026-05-08T04:53:13.060738
TXN-9E4AFE72,STU92377,269000,Wallet,2026-05-10T09:09:13.060738
TXN-D23D3C83,STU80073,325000,Wallet,2026-05-07T05:39:13.060738
TXN-69A959EC,STU20320,268000,Bank,2026-05-11T05:19:13.060738
TXN-6836510A,STU59957,294000,Wallet,2026-05-09T00:27:13.060738
TXN-22FFBAB7,STU82358,277000,Wallet,2026-05-10T13:56:13.060738
TXN-5FDD9F65,STU25248,263000,Bank,2026-05-11T13:38:13.060738
TXN-0D94FF83,STU73362,231000,Wallet,2026-05-08T10:14:13.060738
TXN-A0ECAB63,STU78285,112000,Wallet,2026-05-05T09:16:13.060738
TXN-826CE965,STU44419,126000,Wallet,2026-05-10T17:16:13.060738
TXN-256E07AF,STU74638,394000,Wallet,2026-05-07T10:50:13.060738
TXN-847BA833,STU59517,176000,Wallet,2026-05-11T15:09:13.060738
TXN-93337BB8,STU61901,411000,Bank,2026-05-08T12:36:13.060738
TXN-AAD45ED8,STU98857,259000,Bank,2026-05-09T01:30:13.060738
TXN-F0AD60E4,STU57202,155000,Wallet,2026-05-07T18:47:13.060738
TXN-70269B87,STU40583,386000,Bank,2026-05-07T09:43:13.060738
TXN-D66DAAE1,STU88168,390000,Wallet,2026-05-05T19:16:13.060738
TXN-C2B487D4,STU42640,59000,Bank,2026-05-10T08:15:13.060738
TXN-FC9B195B,STU73753,274000,Bank,2026-05-05T08:19:13.060738
TXN-CEBDE5E2,STU51241,439000,Bank,2026-05-05T05:28:13.060738
TXN-F3AD880B,STU78970,67000,Wallet,2026-05-11T17:10:13.060738
TXN-00C72A02,STU22478,179000,Bank,2026-05-11T06:49:13.060738
TXN-A8779F4A,STU46139,177000,Wallet,2026-05-11T16:10:13.060738
TXN-F5260C90,STU67354,191000,Bank,2026-05-09T21:19:13.060738
TXN-CDAED6B6,STU31034,117000,Bank,2026-05-05T23:48:13.060738
TXN-C67F2ADC,STU39746,434000,Bank,2026-05-06T05:59:13.060738
TXN-777EC1C1,STU58663,188000,Wallet,2026-05-11T05:38:13.060738
TXN-C978484C,STU55678,262000,Wallet,2026-05-08T21:56:13.060738
TXN-FDE6E743,STU74190,127000,Wallet,2026-05-07T04:34:13.060738
TXN-D24887D3,STU90548,82000,Bank,2026-05-06T15:06:13.060738
TXN-31875901,STU86509,367000,Wallet,2026-05-08T03:21:13.060738
TXN-04802361,STU63884,86000,Wallet,2026-05-06T09:50:13.060738
TXN-96489C34,STU15679,468000,Bank,2026-05-09T21:11:13.060738
TXN-F554F3DA,STU66387,256000,Wallet,2026-05-05T00:36:13.060738
TXN-9B2A5ADC,STU32702,401000,Wallet,2026-05-10T00:39:13.060738
TXN-45F4BEAA,STU28041,283000,Wallet,2026-05-06T20:47:13.060738
TXN-3E03826D,STU35051,202000,Wallet,2026-05-06T14:03:13.060738
TXN-F87E7E3B,STU30245,381000,Bank,2026-05-05T23:24:13.060738
TXN-4293E079,STU86353,58000,Wallet,2026-05-10T18:00:13.060738
TXN-57A83B5C,STU80095,476000,Bank,2026-05-11T08:34:13.060738
TXN-08289B8B,STU43683,140000,Bank,2026-05-08T12:01:13.060738
TXN-851A64CB,STU59167,379000,Bank,2026-05-09T05:44:13.060738
TXN-41280D50,STU14803,283000,Wallet,2026-05-07T00:39:13.060738
TXN-0D47E439,STU65811,102000,Bank,2026-05-05T06:33:13.060738
TXN-F1A97B17,STU73632,98000,Bank,2026-05-08T13:28:13.060738
TXN-116BAC65,STU90236,432000,Wallet,2026-05-08T16:52:13.060738
TXN-8A41DC5E,STU57575,165000,Bank,2026-05-05T21:54:13.060738
TXN-F1F8FBDE,STU66044,187000,Bank,2026-05-09T21:11:13.060738
TXN-CB377825,STU64237,201000,Bank,2026-05-05T09:34:13.060738
TXN-E3F3E754,STU54570,61000,Bank,2026-05-08T07:35:13.060738
TXN-3FF542E4,STU33555,71000,Wallet,2026-05-10T18:11:13.060738
TXN-B26DF8E1,STU98933,71000,Wallet,2026-05-08T14:24:13.060738
TXN-4E6D87C6,STU77310,53000,Bank,2026-05-11T18:19:13.060738
TXN-CDE3C8EA,STU45695,105000,Wallet,2026-05-05T02:55:13.060738
TXN-18BAE5C0,STU25611,179000,Bank,2026-05-06T02:41:13.060738
TXN-1CE64279,STU32939,194000,Bank,2026-05-09T19:45:13.060738
TXN-406C4359,STU84609,357000,Bank,2026-05-08T17:33:13.060738
TXN-525B6563,STU30929,396000,Bank,2026-05-07T09:33:13.060738
TXN-F65FFD51,STU23878,218000,Bank,2026-05-05T10:16:13.060738
TXN-B6324A1A,STU61032,367000,Wallet,2026-05-05T21:19:13.060738
TXN-6040D9E9,STU54570,140000,Bank,2026-05-11T11:48:13.060738
TXN-40D715DB,STU76214,166000,Wallet,2026-05-05T01:36:13.060738
TXN-63566AB3,STU76789,151000,Wallet,2026-05-05T10:51:13.060738
TXN-8B733FA3,STU84348,216000,Bank,2026-05-10T22:28:13.060738
TXN-AAF63F49,STU67265,401000,Wallet,2026-05-06T21:24:13.060738
TXN-33B5C0BC,STU13019,396000,Wallet,2026-05-09T15:54:13.060738
TXN-4EFC4282,STU54558,487000,Wallet,2026-05-07T22:11:13.060738
TXN-82AC3DF0,STU49920,315000,Bank,2026-05-07T18:37:13.060738
TXN-2AE21296,STU36520,130000,Wallet,2026-05-07T11:37:13.060738
TXN-A1B50A36,STU43647,106000,Wallet,2026-05-10T05:48:13.060738
TXN-299F2F02,STU36370,446000,Bank,2026-05-07T04:17:13.060738
TXN-2697F165,STU80934,134000,Bank,2026-05-05T23:05:13.060738
TXN-ABE9F8F7,STU53263,213000,Bank,2026-05-08T09:03:13.060738
TXN-934DAB61,STU50299,50000,Bank,2026-05-10T07:33:13.060738
TXN-B6AAC5B2,STU66080,271000,Bank,2026-05-05T12:20:13.060738
TXN-1523D085,STU11433,270000,Bank,2026-05-06T17:27:13.060738
TXN-B277796B,STU31637,170000,Bank,2026-05-08T09:04:13.060738
TXN-8CE2FF77,STU36317,244000,Wallet,2026-05-06T02:54:13.060738
TXN-2D765992,STU61089,51000,Wallet,2026-05-07T18:25:13.060738
TXN-3347F3DB,STU91055,55000,Bank,2026-05-08T11:52:13.060738
TXN-9D72BFFB,STU41258,245000,Wallet,2026-05-08T19:00:13.060738
TXN-0FC02DD9,STU45357,77000,Bank,2026-05-10T01:39:13.060738
TXN-F190A29C,STU71372,318000,Wallet,2026-05-09T09:00:13.060738
TXN-C3DDEC44,STU54123,435000,Bank,2026-05-09T05:28:13.060738
TXN-445D3545,STU93524,109000,Wallet,2026-05-04T22:31:13.060738
TXN-63781DD2,STU66327,486000,Wallet,2026-05-08T00:17:13.060738
TXN-4E8A1730,STU44893,348000,Wallet,2026-05-10T02:22:13.060738
TXN-6A722AE7,STU51744,369000,Wallet,2026-05-10T10:49:13.060738
TXN-9D1EA784,STU56674,92000,Wallet,2026-05-05T02:34:13.060738
TXN-1507FF55,STU42467,335000,Bank,2026-05-06T12:16:13.060738
TXN-D7B03BC4,STU73300,121000,Wallet,2026-05-06T14:19:13.060738
TXN-1C36B0A9,STU96153,279000,Bank,2026-05-07T05:58:13.060738
TXN-D9185287,STU39667,166000,Wallet,2026-05-06T05:34:13.060738
TXN-DD1108FD,STU94067,128000,Bank,2026-05-07T23:15:13.060738
TXN-E59BB23C,STU53944,396000,Bank,2026-05-10T05:28:13.060738
TXN-C2AB12F3,STU85603,262000,Bank,2026-05-09T11:00:13.060738
TXN-50CEE966,STU72386,334000,Wallet,2026-05-11T09:44:13.060738
TXN-1878104B,STU13680,453000,Bank,2026-05-10T08:34:13.060738
TXN-70C72265,STU30714,86000,Bank,2026-05-10T12:40:13.060738
TXN-52BFB0D4,STU23680,91000,Bank,2026-05-08T02:05:13.060738
TXN-A4682BEA,STU78462,403000,Wallet,2026-05-08T09:12:13.060738
TXN-9B36EE15,STU37570,218000,Wallet,2026-05-05T01:25:13.060738
TXN-9C903A75,STU79984,370000,Bank,2026-05-08T22:16:13.060738
TXN-5E0E332E,STU30495,115000,Wallet,2026-05-10T15:59:13.060738
TXN-FFCE6D77,STU92690,385000,Bank,2026-05-10T01:45:13.060738
TXN-604B6B8E,STU77185,338000,Bank,2026-05-11T02:55:13.060738
TXN-F9D2B6F4,STU48436,79000,Wallet,2026-05-05T13:50:13.060738
TXN-059B33A2,STU76513,327000,Wallet,2026-05-07T04:58:13.060738
TXN-395FC1AC,STU94224,242000,Bank,2026-05-10T14:45:13.060738
TXN-AAA3D946,STU80304,242000,Wallet,2026-05-10T17:34:13.060738
TXN-3D8119E0,STU20625,249000,Bank,2026-05-11T05:26:13.060738
TXN-5432FB31,STU87305,405000,Bank,2026-05-10T09:32:13.060738
TXN-D0FFAAAD,STU26812,367000,Bank,2026-05-09T03:30:13.060738
TXN-0589E37B,STU12553,348000,Bank,2026-05-07T21:13:13.060738
TXN-8A486368,STU43417,183000,Bank,2026-05-07T16:50:13.060738
TXN-0CA9E509,STU60768,281000,Bank,2026-05-07T21:05:13.060738
TXN-ABDCE9A7,STU97301,259000,Bank,2026-05-05T18:53:13.060738
TXN-43307D3D,STU61103,305000,Wallet,2026-05-07T04:35:13.060738
TXN-32217A3C,STU26164,90000,Wallet,2026-05-09T16:08:13.060738
TXN-9FA95BB3,STU65583,52000,Wallet,2026-05-05T15:06:13.060738
TXN-F5A2C693,STU15032,322000,Bank,2026-05-10T15:47:13.060738
TXN-E4D33E3F,STU81342,314000,Wallet,2026-05-06T02:12:13.060738
TXN-8415BA63,STU85576,116000,Bank,2026-05-09T11:00:13.060738
TXN-0132C9EA,STU24302,166000,Bank,2026-05-09T19:15:13.060738
TXN-97F72633,STU60298,75000,Wallet,2026-05-08T15:36:13.060738
TXN-889DADB2,STU86456,293000,Bank,2026-05-07T18:38:13.060738
TXN-1D389702,STU36560,196000,Wallet,2026-05-09T08:15:13.060738
TXN-C9388137,STU80629,129000,Wallet,2026-05-06T22:50:13.060738
TXN-3C09D285,STU36048,261000,Bank,2026-05-07T06:00:13.060738
TXN-FAA88635,STU90849,301000,Wallet,2026-05-05T18:35:13.060738
TXN-9281B190,STU87350,248000,Bank,2026-05-10T02:03:13.060738
TXN-C3E6C314,STU47955,118000,Wallet,2026-05-08T00:38:13.060738
TXN-A98D9E33,STU38016,180000,Bank,2026-05-09T18:50:13.060738
TXN-1E1BCF5D,STU48169,180000,Bank,2026-05-10T02:18:13.060738
TXN-C91E9B22,STU68586,113000,Wallet,2026-05-06T07:45:13.060738
TXN-DB4E7F9A,STU94374,301000,Bank,2026-05-08T16:53:13.060738
TXN-6200609A,STU32179,61000,Wallet,2026-05-10T18:10:13.060738
TXN-DBAF01EE,STU40454,82000,Wallet,2026-05-09T21:39:13.060738
TXN-AEFE96FD,STU19261,476000,Wallet,2026-05-10T16:07:13.060738
TXN-C4960C50,STU83381,447000,Bank,2026-05-06T11:39:13.060738
TXN-D58A99DC,STU54265,106000,Bank,2026-05-08T05:36:13.060738
TXN-E17B7B78,STU60517,226000,Wallet,2026-05-06T05:10:13.060738
TXN-83FA38B2,STU99051,415000,Wallet,2026-05-06T16:27:13.060738
TXN-BB21A367,STU69585,125000,Wallet,2026-05-06T16:22:13.060738
TXN-674CEFA9,STU69588,63000,Wallet,2026-05-05T09:40:13.060738
TXN-A194F3D9,STU71117,270000,Bank,2026-05-09T11:45:13.060738
TXN-4EDA548C,STU29836,412000,Bank,2026-05-07T11:21:13.060738
TXN-6518297E,STU21144,418000,Bank,2026-05-10T08:34:13.060738
TXN-8A04C675,STU39457,398000,Bank,2026-05-06T02:02:13.060738
TXN-D8FAECF0,STU32321,475000,Bank,2026-05-09T22:20:13.060738
TXN-3FA31444,STU42508,88000,Wallet,2026-05-11T03:35:13.060738
TXN-E7C6F24A,STU15721,314000,Bank,2026-05-10T06:45:13.060738
TXN-6DEA2A2A,STU66081,184000,Bank,2026-05-05T20:34:13.060738
TXN-E448F5D3,STU15205,346000,Wallet,2026-05-10T20:02:13.060738
TXN-CBB819AC,STU44857,351000,Bank,2026-05-11T03:25:13.060738
TXN-1EE248B2,STU54375,60000,Wallet,2026-05-05T15:43:13.060738
TXN-6AF3EBA5,STU85217,75000,Wallet,2026-05-08T05:14:13.060738
TXN-DC836F8A,STU25509,221000,Bank,2026-05-06T12:28:13.060738
TXN-0826BA53,STU98208,92000,Bank,2026-05-07T11:17:13.060738
TXN-9F560D96,STU23581,161000,Wallet,2026-05-10T19:14:13.060738
TXN-60541597,STU35330,103000,Wallet,2026-05-11T02:41:13.060738
TXN-39D26FA4,STU20179,467000,Wallet,2026-05-10T19:47:13.060738
TXN-C559671F,STU77361,264000,Wallet,2026-05-05T06:25:13.060738
TXN-55034187,STU43807,178000,Bank,2026-05-09T14:21:13.060738
TXN-B452DAD3,STU84665,361000,Wallet,2026-05-10T05:49:13.060738
TXN-19A79986,STU23133,74000,Wallet,2026-05-05T15:43:13.060738
TXN-31317E93,STU31225,363000,Wallet,2026-05-08T20:47:13.060738
TXN-7EBB2A1E,STU71736,388000,Bank,2026-05-08T14:21:13.060738
TXN-016244CB,STU12671,198000,Wallet,2026-05-06T18:48:13.060738
TXN-F34755A6,STU54989,327000,Wallet,2026-05-09T04:49:13.060738
TXN-2C3ABEE4,STU43847,376000,Wallet,2026-05-09T08:41:13.060738
TXN-2000FB8B,STU46659,278000,Wallet,2026-05-08T01:16:13.060738
TXN-99CDF958,STU70102,157000,Wallet,2026-05-05T21:26:13.060738
TXN-A60390AC,STU37204,487000,Bank,2026-05-07T07:16:13.060738
TXN-D64B6FEB,STU37424,253000,Bank,2026-05-06T01:38:13.060738
TXN-B445A71C,STU93979,122000,Bank,2026-05-11T10:10:13.060738
TXN-76CDBEF1,STU86572,387000,Bank,2026-05-07T10:41:13.060738
TXN-88A0CC0B,STU95843,433000,Wallet,2026-05-06T13:16:13.060738
TXN-7934BB53,STU95764,195000,Wallet,2026-05-05T20:49:13.060738
TXN-3C3FCC44,STU61302,297000,Wallet,2026-05-05T00:58:13.060738
TXN-76931407,STU59113,327000,Wallet,2026-05-08T13:35:13.060738
TXN-F0AED456,STU35607,183000,Wallet,2026-05-05T11:22:13.060738
TXN-80D518E7,STU24316,140000,Bank,2026-05-06T07:38:13.060738
TXN-E124B56E,STU93839,295000,Bank,2026-05-05T05:04:13.060738
TXN-22C7C962,STU70794,500000,Bank,2026-05-08T05:23:13.060738
TXN-AF06D9AF,STU28120,213000,Wallet,2026-05-06T17:33:13.060738
TXN-4E1EC503,STU59785,394000,Bank,2026-05-09T22:51:13.060738
TXN-93AFC5CB,STU36268,275000,Bank,2026-05-07T17:53:13.060738
TXN-971D5A3B,STU19856,314000,Wallet,2026-05-06T14:22:13.060738
TXN-9D339E89,STU82851,106000,Bank,2026-05-06T17:25:13.060738
TXN-4BAA3013,STU17651,156000,Wallet,2026-05-11T06:49:13.060738
TXN-201B9304,STU13652,64000,Bank,2026-05-06T04:05:13.060738
TXN-D867DADC,STU36909,287000,Bank,2026-05-07T19:55:13.060738
TXN-1AFDB06A,STU32264,427000,Wallet,2026-05-10T06:43:13.060738
TXN-4DA7A454,STU44915,319000,Bank,2026-05-05T21:26:13.060738
TXN-5E13B1D5,STU87668,311000,Bank,2026-05-06T04:35:13.060738
TXN-D01F3678,STU52657,240000,Bank,2026-05-05T08:40:13.060738
TXN-97431E7D,STU11098,212000,Wallet,2026-05-06T18:57:13.060738
TXN-DAFB153E,STU60741,487000,Wallet,2026-05-06T04:33:13.060738
TXN-8BE3C251,STU53828,357000,Bank,2026-05-09T14:20:13.060738
TXN-5413974F,STU80103,153000,Bank,2026-05-11T14:36:13.060738
TXN-58550AAE,STU55594,433000,Bank,2026-05-04T23:22:13.060738
TXN-BAB7F6F9,STU67181,313000,Wallet,2026-05-11T18:36:13.060738
TXN-5D41E09B,STU92042,90000,Bank,2026-05-09T03:27:13.060738
TXN-43F34C56,STU24119,428000,Wallet,2026-05-06T13:47:13.060738
TXN-463EEB39,STU51891,125000,Wallet,2026-05-11T11:43:13.060738
TXN-4987F6A9,STU32941,485000,Bank,2026-05-09T15:23:13.060738
TXN-071ACBE7,STU33607,86000,Bank,2026-05-07T15:29:13.060738
TXN-0F52557E,STU88191,82000,Wallet,2026-05-05T23:35:13.060738
TXN-5EEA6643,STU81188,403000,Wallet,2026-05-10T07:29:13.060738
TXN-5FFA3840,STU70669,372000,Wallet,2026-05-07T11:32:13.060738
TXN-4B066284,STU37375,225000,Wallet,2026-05-06T09:25:13.060738
TXN-7402B0BB,STU96671,372000,Wallet,2026-05-07T18:26:13.060738
TXN-BABE7273,STU70308,434000,Bank,2026-05-06T06:41:13.060738
TXN-08E5AFC3,STU24619,174000,Bank,2026-05-05T23:35:13.060738
TXN-C8973ECE,STU17822,490000,Bank,2026-05-09T04:53:13.060738
TXN-97EAD33F,STU45110,126000,Wallet,2026-05-06T17:35:13.060738
TXN-7DA946CE,STU29563,313000,Bank,2026-05-05T23:09:13.060738
TXN-6769A14D,STU29269,356000,Wallet,2026-05-08T08:55:13.060738
TXN-D977201A,STU62016,129000,Bank,2026-05-05T06:04:13.060738
TXN-9779771C,STU54302,387000,Bank,2026-05-11T01:45:13.060738
TXN-86421572,STU71856,306000,Wallet,2026-05-05T05:59:13.060738
TXN-D87B03EE,STU65908,363000,Wallet,2026-05-07T02:54:13.060738
TXN-41EBB594,STU61178,138000,Bank,2026-05-10T07:19:13.060738
TXN-7EA8D641,STU86222,124000,Bank,2026-05-05T01:56:13.060738
TXN-2B3CE6D7,STU32230,340000,Wallet,2026-05-07T12:44:13.060738
TXN-3938216A,STU86034,338000,Bank,2026-05-11T19:23:13.060738
TXN-6374EF60,STU51620,233000,Bank,2026-05-10T21:19:13.060738
TXN-9CC566BE,STU23372,188000,Wallet,2026-05-11T13:48:13.060738
TXN-6A33ECBE,STU12947,376000,Bank,2026-05-11T04:10:13.060738
TXN-69DBD053,STU81916,371000,Wallet,2026-05-09T11:04:13.060738
TXN-71F2D019,STU96259,102000,Bank,2026-05-07T08:03:13.060738
TXN-482D7BB0,STU24502,473000,Wallet,2026-05-08T20:50:13.060738
TXN-0B703FB3,STU87691,449000,Wallet,2026-05-11T15:30:13.060738
TXN-3E48EFE3,STU35069,383000,Bank,2026-05-06T19:08:13.060738
TXN-CE518ED0,STU61818,57000,Bank,2026-05-05T13:50:13.060738
TXN-8D8F5292,STU19244,381000,Bank,2026-05-07T19:16:13.060738
TXN-FB09EF55,STU11287,193000,Wallet,2026-05-05T03:02:13.060738
TXN-405C5728,STU24385,157000,Wallet,2026-05-09T14:50:13.060738
TXN-4189AAA9,STU34702,375000,Bank,2026-05-09T17:51:13.060738
TXN-1CF37147,STU21532,276000,Bank,2026-05-09T15:37:13.060738
TXN-906AA28C,STU26516,252000,Wallet,2026-05-09T23:06:13.060738
TXN-B6591008,STU17229,398000,Bank,2026-05-09T09:12:13.060738
TXN-2BCFC7F4,STU76219,459000,Bank,2026-05-05T11:31:13.060738
TXN-C192061D,STU91701,361000,Bank,2026-05-05T13:46:13.060738
TXN-7055E5C9,STU63049,306000,Bank,2026-05-06T22:41:13.060738
TXN-6B9A38B4,STU39364,185000,Wallet,2026-05-11T18:30:13.060738
TXN-BD34EA22,STU74100,122000,Wallet,2026-05-05T14:12:13.060738
TXN-696C28EA,STU77902,152000,Bank,2026-05-07T12:56:13.060738
TXN-42F7E130,STU75912,261000,Wallet,2026-05-09T00:22:13.060738
TXN-C199E492,STU43024,283000,Wallet,2026-05-05T11:48:13.060738
TXN-F39CEF47,STU66708,356000,Wallet,2026-05-11T06:34:13.060738
TXN-5575E29C,STU68862,233000,Bank,2026-05-10T21:49:13.060738
TXN-BCFE42A0,STU16712,363000,Wallet,2026-05-05T18:00:13.060738
TXN-5CA07A2C,STU71151,150000,Bank,2026-05-09T12:23:13.060738
TXN-6DA18A31,STU42827,276000,Bank,2026-05-10T23:59:13.060738
TXN-E3609BB1,STU64456,470000,Bank,2026-05-08T00:19:13.060738
TXN-F08365C2,STU75233,202000,Bank,2026-05-06T21:14:13.060738
TXN-F8CECEBB,STU59736,62000,Wallet,2026-05-09T06:34:13.060738
TXN-5D0D4C91,STU30397,470000,Bank,2026-05-10T18:20:13.060738
TXN-5F230783,STU28640,268000,Bank,2026-05-08T16:34:13.060738
TXN-D899F1D1,STU50262,490000,Wallet,2026-05-08T02:53:13.060738
TXN-0C6E3C3A,STU48963,226000,Bank,2026-05-10T19:51:13.060738
TXN-AD1AE1B9,STU57101,230000,Wallet,2026-05-09T05:48:13.060738
TXN-5B466014,STU62613,465000,Wallet,2026-05-09T06:50:13.060738
TXN-C49B3E80,STU60473,246000,Wallet,2026-05-04T23:18:13.060738
TXN-26578C9E,STU23267,194000,Wallet,2026-05-07T22:42:13.060738
TXN-E266F6CF,STU52919,454000,Wallet,2026-05-09T19:43:13.060738
TXN-BBA22CAE,STU77470,440000,Bank,2026-05-10T19:59:13.060738
TXN-F201241E,STU16839,333000,Wallet,2026-05-10T15:47:13.060738
TXN-F3D8E860,STU34893,84000,Bank,2026-05-11T05:12:13.060738
TXN-9CAF08B1,STU92890,250000,Bank,2026-05-05T02:26:13.060738
TXN-7BE83732,STU27411,140000,Wallet,2026-05-07T01:37:13.060738
TXN-8EDDCEAF,STU28385,134000,Wallet,2026-05-09T20:15:13.060738
TXN-5BA0DF49,STU43135,102000,Bank,2026-05-05T20:54:13.060738
TXN-FF4459BE,STU23607,88000,Bank,2026-05-05T20:00:13.060738
TXN-CE252532,STU32708,293000,Wallet,2026-05-10T20:23:13.060738
TXN-7DBB6D0D,STU68966,400000,Wallet,2026-05-07T02:52:13.060738
TXN-018C91C5,STU17224,354000,Wallet,2026-05-05T16:09:13.060738
TXN-3320900C,STU13931,100000,Bank,2026-05-05T20:18:13.060738
TXN-D8D382FB,STU50993,176000,Wallet,2026-05-06T01:57:13.060738
TXN-A24048ED,STU58389,64000,Wallet,2026-05-11T07:11:13.060738
TXN-30E6E4DE,STU65762,412000,Wallet,2026-05-07T14:44:13.060738
TXN-E6EF034F,STU35898,207000,Bank,2026-05-05T22:45:13.060738
TXN-89D78516,STU21689,74000,Bank,2026-05-09T05:58:13.060738
TXN-5716C27E,STU13489,291000,Bank,2026-05-11T06:40:13.060738
TXN-D7F9476D,STU97582,61000,Wallet,2026-05-06T07:40:13.060738
TXN-46C3B93C,STU50818,112000,Wallet,2026-05-06T23:28:13.060738
TXN-1E0E5F0E,STU11409,174000,Bank,2026-05-09T13:57:13.060738
TXN-02448F98,STU26336,471000,Bank,2026-05-06T10:18:13.060738
TXN-74195300,STU51548,315000,Bank,2026-05-11T08:36:13.060738
TXN-8B477527,STU47118,152000,Wallet,2026-05-06T21:36:13.060738
TXN-B2B37629,STU31375,314000,Bank,2026-05-06T17:11:13.060738
TXN-A505B799,STU38189,413000,Bank,2026-05-07T08:27:13.060738
TXN-99B10E16,STU91383,194000,Wallet,2026-05-09T16:25:13.060738
TXN-DC342D58,STU36035,380000,Wallet,2026-05-07T08:28:13.060738
TXN-6433B00F,STU61233,98000,Wallet,2026-05-05T03:55:13.060738
TXN-57E0708C,STU87311,307000,Bank,2026-05-10T13:32:13.060738
TXN-1D42D1AD,STU26231,290000,Wallet,2026-05-11T17:47:13.060738
TXN-66AC3DB7,STU97864,134000,Bank,2026-05-10T16:16:13.060738
TXN-F6F5A777,STU38812,419000,Wallet,2026-05-11T18:05:13.060738
TXN-5F4C820E,STU84653,438000,Bank,2026-05-07T17:41:13.060738
TXN-D39E49F2,STU61658,355000,Bank,2026-05-08T09:12:13.060738
TXN-2DAAE4B3,STU70229,100000,Wallet,2026-05-09T22:40:13.060738
TXN-B8F13630,STU99773,80000,Wallet,2026-05-09T04:11:13.060738
TXN-C2106625,STU17892,194000,Bank,2026-05-07T08:02:13.060738
TXN-8DA04867,STU82277,261000,Wallet,2026-05-08T21:48:13.060738
TXN-BBC9A0C6,STU19267,311000,Bank,2026-05-11T10:18:13.060738
TXN-5DFB2FB5,STU70772,408000,Bank,2026-05-06T13:46:13.060738
TXN-3F5CD1C3,STU64393,410000,Bank,2026-05-05T02:04:13.060738
TXN-171A1580,STU88756,481000,Bank,2026-05-11T05:56:13.060738
TXN-5389C6E3,STU15956,177000,Bank,2026-05-06T01:23:13.060738
TXN-BFFC8A50,STU41470,429000,Wallet,2026-05-10T05:45:13.060738
TXN-91CB3E74,STU30381,316000,Bank,2026-05-07T03:11:13.060738
TXN-E3499B3C,STU91404,274000,Wallet,2026-05-07T06:24:13.060738
TXN-8340C7DB,STU44698,66000,Bank,2026-05-07T02:33:13.060738
TXN-B606AAB3,STU15616,484000,Bank,2026-05-10T21:41:13.060738
TXN-D6E3154A,STU39665,67000,Wallet,2026-05-11T14:23:13.060738
TXN-EB619A0C,STU72339,205000,Wallet,2026-05-11T10:46:13.060738
TXN-CFE4F212,STU27622,339000,Wallet,2026-05-05T03:14:13.060738
TXN-9113D78A,STU91343,240000,Bank,2026-05-11T15:54:13.060738
TXN-24F0D82D,STU11706,377000,Wallet,2026-05-08T06:45:13.060738
TXN-4440CF63,STU56318,315000,Wallet,2026-05-10T14:36:13.060738
TXN-535DD809,STU51243,500000,Wallet,2026-05-10T21:31:13.060738
TXN-32377215,STU90903,163000,Wallet,2026-05-07T13:39:13.060738
TXN-088023C6,STU74688,193000,Wallet,2026-05-09T21:51:13.060738
TXN-38868AE1,STU17517,345000,Bank,2026-05-09T15:32:13.060738
TXN-A62D09C5,STU12602,65000,Bank,2026-05-06T15:03:13.060738
TXN-4D6849D8,STU71587,393000,Wallet,2026-05-07T21:38:13.060738
TXN-DAE6DA1F,STU12995,190000,Wallet,2026-05-07T08:53:13.060738
TXN-39EDF5E8,STU11524,399000,Bank,2026-05-08T14:34:13.060738
TXN-27EF5E76,STU60900,385000,Bank,2026-05-06T21:23:13.060738
TXN-70CBF35D,STU51700,338000,Wallet,2026-05-05T10:38:13.060738
TXN-054BFE1B,STU74364,496000,Bank,2026-05-09T20:12:13.060738
TXN-C08FF49D,STU71565,446000,Wallet,2026-05-09T16:28:13.060738
TXN-C7622EFD,STU98414,492000,Wallet,2026-05-08T13:58:13.060738
TXN-E70D6D68,STU35469,119000,Bank,2026-05-05T20:36:13.060738
TXN-E2A6073E,STU99584,488000,Wallet,2026-05-08T13:25:13.060738
TXN-E079BDCD,STU99321,493000,Bank,2026-05-10T18:47:13.060738
TXN-756DC28E,STU98728,150000,Bank,2026-05-08T21:33:13.060738
TXN-16B7A3F5,STU93158,390000,Wallet,2026-05-08T15:45:13.060738
TXN-55218B94,STU26635,436000,Bank,2026-05-05T05:57:13.060738
TXN-A85DE2F8,STU64725,361000,Bank,2026-05-09T17:20:13.060738
TXN-77AAAC93,STU84926,336000,Bank,2026-05-06T08:33:13.060738
TXN-F8776985,STU40845,453000,Bank,2026-05-11T13:54:13.060738
TXN-1486D597,STU17413,470000,Bank,2026-05-07T02:08:13.060738
TXN-E8FEB4C9,STU23864,387000,Wallet,2026-05-07T07:24:13.060738
TXN-11948646,STU17161,175000,Bank,2026-05-09T14:09:13.060738
TXN-9EBFC70A,STU28531,267000,Bank,2026-05-08T01:24:13.060738
TXN-B4DE8CA9,STU23998,329000,Bank,2026-05-09T14:00:13.060738
TXN-CCA3919D,STU98894,296000,Wallet,2026-05-09T11:20:13.060738
TXN-4A419E91,STU51094,173000,Wallet,2026-05-11T03:01:13.060738
TXN-F1E0D7AE,STU93199,444000,Bank,2026-05-08T16:33:13.060738
TXN-BEC0ACE8,STU89205,125000,Wallet,2026-05-10T02:51:13.060738
TXN-2FDB48C9,STU50075,196000,Wallet,2026-05-10T14:33:13.060738
TXN-B9C7E3F3,STU95537,394000,Bank,2026-05-06T09:19:13.060738
TXN-B5B764BF,STU70571,292000,Wallet,2026-05-05T23:52:13.060738
TXN-BE033E20,STU91771,262000,Wallet,2026-05-06T20:00:13.060738
TXN-1818FBD9,STU88572,445000,Bank,2026-05-07T08:18:13.060738
TXN-C10A5797,STU28532,125000,Bank,2026-05-10T19:52:13.060738
TXN-C70F71A5,STU26510,310000,Bank,2026-05-06T22:34:13.060738
TXN-B9D74B15,STU70072,281000,Bank,2026-05-07T10:33:13.060738
TXN-6672A778,STU48178,199000,Wallet,2026-05-09T04:12:13.060738
TXN-4C92A150,STU39036,353000,Wallet,2026-05-11T17:06:13.060738
TXN-C5A3E497,STU15655,123000,Wallet,2026-05-06T18:33:13.060738
TXN-ED1377C5,STU51473,243000,Bank,2026-05-05T15:19:13.060738
TXN-3D9D2B33,STU32553,445000,Wallet,2026-05-07T22:59:13.060738
TXN-60323E6B,STU30419,217000,Bank,2026-05-11T17:21:13.060738
TXN-C09BE196,STU60521,156000,Wallet,2026-05-08T23:16:13.060738
TXN-D993CDE8,STU13570,244000,Wallet,2026-05-10T17:54:13.060738
TXN-D3B05D8B,STU14382,211000,Bank,2026-05-11T04:07:13.060738
TXN-8650F5C6,STU43254,216000,Wallet,2026-05-07T21:32:13.060738
TXN-9195204C,STU20405,133000,Wallet,2026-05-06T06:45:13.060738
TXN-D798D1AB,STU59501,420000,Bank,2026-05-08T20:49:13.060738
TXN-CC845645,STU83639,204000,Bank,2026-05-09T07:54:13.060738
TXN-C3875E7D,STU37495,112000,Bank,2026-05-11T19:26:13.060738
TXN-E62CB848,STU38644,66000,Bank,2026-05-10T06:55:13.060738
TXN-22A4FDBF,STU45416,430000,Wallet,2026-05-07T14:28:13.060738
TXN-2C10D626,STU63576,315000,Bank,2026-05-07T02:29:13.060738
TXN-6D0D98BA,STU21907,238000,Bank,2026-05-07T14:13:13.060738
TXN-4445DEC5,STU20198,453000,Bank,2026-05-08T05:42:13.060738
TXN-FAB69B95,STU63795,306000,Wallet,2026-05-10T01:55:13.060738
TXN-21CD0B3C,STU16196,200000,Wallet,2026-05-09T08:47:13.060738
TXN-2011212B,STU20546,379000,Wallet,2026-05-11T18:05:13.060738
TXN-34149097,STU15117,257000,Bank,2026-05-07T06:19:13.060738
TXN-A1343743,STU73082,284000,Wallet,2026-05-11T17:54:13.060738
TXN-7EEE4B3F,STU52423,357000,Bank,2026-05-09T07:15:13.060738
TXN-4226DF55,STU54689,248000,Bank,2026-05-07T08:25:13.060738
TXN-858A264C,STU56562,171000,Wallet,2026-05-06T03:09:13.060738
TXN-AD0C876F,STU82518,472000,Wallet,2026-05-07T23:02:13.060738
TXN-6B2B7DAD,STU83308,203000,Wallet,2026-05-07T17:08:13.060738
TXN-97664F78,STU30402,304000,Wallet,2026-05-10T02:03:13.060738
TXN-D0EC0E56,STU73766,295000,Bank,2026-05-10T19:33:13.060738
TXN-02488762,STU95967,500000,Bank,2026-05-10T22:29:13.060738
TXN-38EADCA1,STU55809,307000,Wallet,2026-05-08T19:40:13.060738
TXN-2DD1F25A,STU59944,331000,Bank,2026-05-10T01:14:13.060738
TXN-DB308751,STU28624,68000,Wallet,2026-05-07T09:32:13.060738
TXN-3426867F,STU91085,155000,Wallet,2026-05-07T08:54:13.060738
TXN-18A80E88,STU83007,156000,Wallet,2026-05-10T05:42:13.060738
TXN-E84AD3BA,STU23932,197000,Wallet,2026-05-07T13:56:13.060738
TXN-06D7C5B2,STU98686,446000,Wallet,2026-05-08T04:53:13.060738
TXN-6205BFC9,STU15765,63000,Bank,2026-05-09T11:09:13.060738
TXN-C002D996,STU91814,383000,Wallet,2026-05-05T16:06:13.060738
TXN-600E9D3A,STU58088,237000,Bank,2026-05-09T03:23:13.060738
TXN-D0F81919,STU45107,393000,Wallet,2026-05-05T16:14:13.060738
TXN-77C28E9E,STU36991,409000,Bank,2026-05-05T22:27:13.060738
TXN-1136618A,STU84959,87000,Bank,2026-05-08T11:18:13.060738
TXN-A39BEF5C,STU92033,464000,Wallet,2026-05-06T19:21:13.060738
TXN-F11ACC11,STU83133,158000,Wallet,2026-05-05T15:29:13.060738
TXN-79423B00,STU80399,256000,Bank,2026-05-08T05:54:13.060738
TXN-41AC26E7,STU94486,96000,Bank,2026-05-11T11:09:13.060738
TXN-62543A1C,STU29266,186000,Wallet,2026-05-06T00:57:13.060738
TXN-3E25D265,STU12098,143000,Wallet,2026-05-10T18:32:13.060738
TXN-FA6E46C0,STU81248,205000,Wallet,2026-05-07T19:52:13.060738
TXN-2149B916,STU49296,459000,Bank,2026-05-11T01:12:13.060738
TXN-2382B810,STU61293,326000,Bank,2026-05-09T09:25:13.060738
TXN-B85D05E2,STU43095,459000,Bank,2026-05-08T05:48:13.060738
TXN-2F357BB9,STU57998,480000,Wallet,2026-05-10T09:39:13.060738
TXN-E027F9E6,STU22594,87000,Bank,2026-05-11T13:19:13.060738
TXN-BB4E42BA,STU31772,431000,Bank,2026-05-04T23:00:13.060738
TXN-3BE768B6,STU44339,84000,Bank,2026-05-04T21:18:13.060738
TXN-2753E38E,STU98641,84000,Bank,2026-05-06T11:11:13.060738
TXN-6AADC35F,STU23780,130000,Bank,2026-05-09T01:30:13.060738
TXN-1DDF85AD,STU39133,89000,Bank,2026-05-07T23:46:13.060738
TXN-0155159D,STU20266,425000,Wallet,2026-05-09T11:16:13.060738
TXN-0517C254,STU77622,88000,Wallet,2026-05-06T04:06:13.060738
TXN-E52D432D,STU86084,78000,Bank,2026-05-06T16:03:13.060738
TXN-641FEF41,STU64106,500000,Bank,2026-05-07T22:37:13.060738
TXN-137D8720,STU57779,489000,Bank,2026-05-10T12:03:13.060738
TXN-9345BAE5,STU89077,171000,Wallet,2026-05-11T19:12:13.060738
TXN-1815466F,STU38978,168000,Wallet,2026-05-08T09:30:13.060738
TXN-3CE2419B,STU10009,380000,Bank,2026-05-06T12:51:13.060738
TXN-AAE6E009,STU34668,192000,Bank,2026-05-05T08:33:13.060738
TXN-A05F41CD,STU87509,202000,Bank,2026-05-10T05:32:13.060738
TXN-68F86C4B,STU76317,296000,Bank,2026-05-10T13:44:13.060738
TXN-905116A1,STU83224,411000,Wallet,2026-05-06T13:34:13.060738
TXN-D3025679,STU69774,306000,Bank,2026-05-11T10:16:13.060738
TXN-838254BD,STU73499,293000,Bank,2026-05-08T23:05:13.060738
TXN-D112E53C,STU21156,107000,Wallet,2026-05-11T03:42:13.060738
TXN-1961DB36,STU79939,443000,Bank,2026-05-10T11:57:13.060738
TXN-06076386,STU12613,486000,Wallet,2026-05-10T13:54:13.060738
TXN-16082DCE,STU16814,436000,Wallet,2026-05-07T11:38:13.060738
TXN-DACC3A13,STU98695,377000,Wallet,2026-05-10T19:02:13.060738
TXN-61E7D94D,STU58978,63000,Bank,2026-05-10T18:07:13.060738
TXN-87C3A6DA,STU46177,70000,Wallet,2026-05-10T04:31:13.060738
TXN-B0E9CAD9,STU59771,58000,Wallet,2026-05-06T07:10:13.060738
TXN-C6CEB813,STU80310,342000,Wallet,2026-05-09T00:40:13.060738
TXN-A417B7CF,STU15909,319000,Wallet,2026-05-10T14:42:13.060738
TXN-9C18CEF0,STU29552,210000,Wallet,2026-05-07T08:48:13.060738
TXN-32531778,STU69770,91000,Wallet,2026-05-07T23:35:13.060738
TXN-455BA936,STU37767,434000,Wallet,2026-05-11T03:47:13.060738
TXN-06B12F97,STU98958,83000,Bank,2026-05-10T01:47:13.060738
TXN-877103DE,STU50466,363000,Bank,2026-05-06T15:50:13.060738
TXN-DDD5F8E5,STU28222,56000,Bank,2026-05-10T01:35:13.060738
TXN-6E96CB7D,STU57905,469000,Wallet,2026-05-07T04:14:13.060738
TXN-08592A0B,STU95418,376000,Bank,2026-05-06T13:48:13.060738
TXN-6D9C612D,STU15926,246000,Bank,2026-05-09T13:16:13.060738
TXN-33D165F8,STU28951,119000,Wallet,2026-05-10T00:58:13.060738
TXN-F08CD3ED,STU21005,271000,Wallet,2026-05-09T05:57:13.060738
TXN-21A99C01,STU67257,337000,Bank,2026-05-06T08:26:13.060738
TXN-051D0F1F,STU83845,85000,Bank,2026-05-07T13:36:13.060738
TXN-4E61B40D,STU16586,85000,Wallet,2026-05-08T14:57:13.060738
TXN-0493F248,STU68736,338000,Bank,2026-05-10T20:37:13.060738
TXN-D84F6746,STU16629,128000,Wallet,2026-05-09T06:15:13.060738
TXN-2DBF84D7,STU66128,199000,Wallet,2026-05-06T22:54:13.060738
TXN-6B8DF3AE,STU82975,441000,Wallet,2026-05-08T10:26:13.060738
TXN-75D6D1E6,STU51010,240000,Bank,2026-05-09T11:03:13.060738
TXN-45209835,STU11326,68000,Wallet,2026-05-10T04:33:13.060738
TXN-82ABFBA6,STU75207,306000,Bank,2026-05-07T17:10:13.060738
TXN-F2A587AC,STU63535,473000,Bank,2026-05-09T07:05:13.060738
TXN-55C459CA,STU84740,119000,Wallet,2026-05-08T01:10:13.060738
TXN-1CEC77C4,STU21636,137000,Wallet,2026-05-09T03:46:13.060738
TXN-B0A2B4E3,STU58019,254000,Bank,2026-05-10T07:40:13.060738
TXN-6419D826,STU17860,55000,Bank,2026-05-07T05:14:13.060738
TXN-410D0C1D,STU80537,491000,Wallet,2026-05-09T21:10:13.060738
TXN-67B6B164,STU18847,409000,Bank,2026-05-06T21:36:13.060738
TXN-708C91A4,STU26726,180000,Wallet,2026-05-08T10:54:13.060738
TXN-4240E0FF,STU72043,381000,Wallet,2026-05-05T07:26:13.060738
TXN-0FDA3844,STU53942,257000,Wallet,2026-05-08T18:54:13.060738
TXN-F5BA27C5,STU92127,296000,Bank,2026-05-04T21:54:13.060738
TXN-D351F559,STU88545,140000,Wallet,2026-05-09T06:43:13.060738
TXN-30D791C5,STU14007,416000,Bank,2026-05-08T01:49:13.060738
TXN-D5A34152,STU49682,147000,Bank,2026-05-05T04:42:13.060738
TXN-2B2FCFC5,STU34517,425000,Wallet,2026-05-10T20:10:13.060738
TXN-211F4A5F,STU20202,61000,Wallet,2026-05-10T07:19:13.060738
TXN-7CA5B3D0,STU26112,465000,Bank,2026-05-06T12:01:13.060738
TXN-C1A4D6B1,STU13078,272000,Bank,2026-05-05T23:48:13.060738
TXN-C7C4B375,STU26712,313000,Wallet,2026-05-10T11:48:13.060738
TXN-0A44FDF7,STU53160,213000,Wallet,2026-05-08T20:21:13.060738
TXN-B3C0F4DF,STU56837,211000,Wallet,2026-05-08T18:55:13.060738
TXN-C9D34704,STU51836,301000,Bank,2026-05-09T03:57:13.060738
TXN-37BABA29,STU50232,323000,Wallet,2026-05-06T01:50:13.060738
TXN-F454CEA9,STU29154,442000,Wallet,2026-05-10T10:56:13.060738
TXN-2828B338,STU32393,188000,Wallet,2026-05-11T17:57:13.060738
TXN-FF4304B3,STU39834,475000,Wallet,2026-05-07T11:16:13.060738
TXN-0922940B,STU86361,367000,Wallet,2026-05-11T19:42:13.060738
TXN-E470E92E,STU31519,361000,Bank,2026-05-10T16:36:13.060738
TXN-047983CA,STU59923,422000,Wallet,2026-05-09T02:09:13.060738
TXN-F072EB5D,STU31562,354000,Bank,2026-05-07T22:27:13.060738
TXN-60C0D178,STU51621,326000,Wallet,2026-05-05T10:34:13.060738
TXN-CC64CF9C,STU17046,478000,Wallet,2026-05-10T23:44:13.060738
TXN-EB6FD08E,STU98430,231000,Bank,2026-05-09T17:50:13.060738
TXN-B739C89F,STU36456,173000,Wallet,2026-05-07T21:21:13.060738
TXN-4807BBAF,STU19258,473000,Bank,2026-05-08T07:12:13.060738
TXN-B81A51AB,STU98238,283000,Wallet,2026-05-08T10:47:13.060738
TXN-2917AE22,STU71527,260000,Bank,2026-05-07T08:37:13.060738
TXN-D95FF0BE,STU95560,353000,Wallet,2026-05-11T11:33:13.060738
TXN-B7EDB073,STU33379,193000,Bank,2026-05-07T14:33:13.060738
TXN-88DE8D6A,STU14438,430000,Bank,2026-05-06T18:31:13.060738
TXN-BDA60416,STU79705,76000,Wallet,2026-05-07T00:24:13.060738
TXN-BC9CE7AF,STU49079,389000,Bank,2026-05-05T12:37:13.060738
TXN-875FA1E4,STU45463,474000,Bank,2026-05-11T02:05:13.060738
TXN-CB30F911,STU22145,63000,Wallet,2026-05-08T22:48:13.060738
TXN-077F0B0D,STU67048,324000,Bank,2026-05-07T05:52:13.060738
TXN-CA4F8BF2,STU62456,123000,Bank,2026-05-07T22:33:13.060738
TXN-7E87AB6F,STU91458,303000,Bank,2026-05-06T19:04:13.060738
TXN-3923E986,STU27034,183000,Bank,2026-05-08T00:08:13.060738
TXN-18F76C34,STU15611,189000,Wallet,2026-05-06T06:40:13.060738
TXN-673C3C30,STU22574,264000,Wallet,2026-05-09T05:15:13.060738
TXN-0B70136B,STU89549,283000,Wallet,2026-05-06T16:46:13.060738
TXN-5122029A,STU99201,249000,Bank,2026-05-09T09:23:13.060738
TXN-2024EBB4,STU70040,132000,Bank,2026-05-05T05:17:13.060738
TXN-216A9401,STU54998,335000,Bank,2026-05-06T15:58:13.060738
TXN-BB8AC37E,STU11631,411000,Bank,2026-05-04T21:18:13.060738
TXN-393D7F9A,STU62957,265000,Bank,2026-05-05T07:23:13.060738
TXN-9646C0E0,STU97338,202000,Wallet,2026-05-05T13:04:13.060738
TXN-2EDD9A53,STU46958,339000,Wallet,2026-05-08T00:05:13.060738
TXN-5899395A,STU97617,242000,Wallet,2026-05-10T01:03:13.060738
TXN-FE449DFE,STU15440,434000,Bank,2026-05-05T06:02:13.060738
TXN-3C2F54E3,STU33847,122000,Bank,2026-05-05T09:28:13.060738
TXN-5099F6DF,STU49073,72000,Wallet,2026-05-11T07:50:13.060738
TXN-115632AA,STU33011,225000,Wallet,2026-05-10T13:44:13.060738
TXN-FA59409A,STU76178,284000,Bank,2026-05-10T00:21:13.060738
TXN-39461429,STU54778,295000,Bank,2026-05-07T02:16:13.060738
TXN-80030AA8,STU45705,331000,Bank,2026-05-10T01:14:13.060738
TXN-FBD079C9,STU71043,75000,Bank,2026-05-08T18:42:13.060738
TXN-50461D8E,STU29770,102000,Bank,2026-05-08T12:14:13.060738
TXN-4933B158,STU27711,192000,Bank,2026-05-10T06:45:13.060738
TXN-5B8D9738,STU33564,271000,Bank,2026-05-07T17:28:13.060738
TXN-84D04CB7,STU47226,194000,Bank,2026-05-11T05:17:13.060738
TXN-C2ABFF02,STU66158,179000,Bank,2026-05-09T07:50:13.060738
TXN-C345CE36,STU32384,78000,Bank,2026-05-10T10:25:13.060738
TXN-8468D483,STU93021,195000,Bank,2026-05-05T04:59:13.060738
TXN-6C63F051,STU95329,304000,Wallet,2026-05-09T08:49:13.060738
TXN-8DC80EB6,STU68120,488000,Bank,2026-05-10T08:31:13.060738
TXN-E87476AE,STU80450,303000,Wallet,2026-05-05T07:15:13.060738
TXN-AA0399FF,STU49446,106000,Bank,2026-05-11T18:12:13.060738
TXN-57FEF754,STU96245,328000,Wallet,2026-05-05T22:11:13.060738
TXN-36479FEE,STU59124,227000,Bank,2026-05-06T02:07:13.060738
TXN-ACD5FB61,STU52746,423000,Wallet,2026-05-09T02:33:13.060738
TXN-C9F875C3,STU59651,65000,Bank,2026-05-11T08:41:13.060738
TXN-32C90C2A,STU95796,445000,Wallet,2026-05-11T08:40:13.060738
TXN-2981B11F,STU95974,232000,Wallet,2026-05-11T13:18:13.060738
TXN-83262591,STU67793,266000,Wallet,2026-05-11T17:21:13.060738
TXN-7A36EBD3,STU65199,255000,Wallet,2026-05-11T12:55:13.060738
TXN-F28ABAFF,STU33385,313000,Bank,2026-05-08T21:10:13.060738
TXN-AE1C6F13,STU88778,237000,Wallet,2026-05-09T13:42:13.060738
TXN-FF647E7B,STU81072,372000,Bank,2026-05-07T07:28:13.060738
TXN-214A281C,STU41330,333000,Wallet,2026-05-10T23:10:13.060738
TXN-437C430C,STU98833,484000,Bank,2026-05-11T14:46:13.060738
TXN-E6C715F8,STU88377,92000,Wallet,2026-05-05T06:30:13.060738
TXN-F77FE9F3,STU11029,460000,Wallet,2026-05-05T00:41:13.060738
TXN-776ADB54,STU62602,455000,Wallet,2026-05-09T16:43:13.060738
TXN-36A88F56,STU61118,328000,Wallet,2026-05-05T19:52:13.060738
TXN-F324D267,STU88775,409000,Wallet,2026-05-09T10:57:13.060738
TXN-FEE2B6E7,STU62066,115000,Bank,2026-05-07T12:58:13.060738
TXN-29832845,STU84390,215000,Wallet,2026-05-05T00:03:13.060738
TXN-D27D9596,STU79193,348000,Bank,2026-05-10T21:30:13.060738
TXN-0ED12054,STU15818,152000,Bank,2026-05-06T16:32:13.060738
TXN-892BB55E,STU73618,481000,Bank,2026-05-05T11:38:13.060738
TXN-AA5DC1A2,STU83324,483000,Wallet,2026-05-05T16:44:13.060738
TXN-277D0992,STU31866,233000,Bank,2026-05-07T19:44:13.060738
TXN-6B9FA009,STU97856,136000,Bank,2026-05-06T10:56:13.060738
TXN-F5C869AC,STU75517,487000,Bank,2026-05-09T23:36:13.060738
TXN-526000D9,STU97683,276000,Bank,2026-05-08T03:22:13.060738
TXN-31E05EC9,STU46668,217000,Wallet,2026-05-10T10:38:13.060738
TXN-1EC432E2,STU59063,439000,Bank,2026-05-08T20:54:13.060738
TXN-8CEBBA53,STU14886,335000,Bank,2026-05-07T14:11:13.060738
TXN-B2622E61,STU93907,254000,Wallet,2026-05-10T11:04:13.060738
TXN-0F9DD170,STU56420,444000,Wallet,2026-05-04T21:51:13.060738
TXN-B207F821,STU52224,422000,Bank,2026-05-11T05:01:13.060738
TXN-99A78416,STU56673,276000,Bank,2026-05-08T14:00:13.060738
TXN-43C433F7,STU92130,79000,Bank,2026-05-09T10:05:13.060738
TXN-FEC76848,STU10380,493000,Wallet,2026-05-11T12:13:13.060738
TXN-48AEAD8D,STU31576,270000,Wallet,2026-05-06T13:48:13.060738
TXN-302CF0F4,STU97998,142000,Bank,2026-05-11T02:11:13.060738
TXN-085B4818,STU54742,262000,Bank,2026-05-10T07:47:13.060738
TXN-76ED4952,STU67785,304000,Bank,2026-05-09T20:07:13.060738
TXN-09A554D3,STU49365,446000,Bank,2026-05-06T15:23:13.060738
TXN-A2F1E0A2,STU26158,108000,Wallet,2026-05-11T07:42:13.060738
TXN-45088896,STU67976,89000,Bank,2026-05-11T03:28:13.060738
TXN-2DB94CD1,STU59273,185000,Bank,2026-05-06T02:59:13.060738
TXN-9AF47831,STU80387,414000,Bank,2026-05-05T18:49:13.060738
TXN-5F442957,STU38937,471000,Wallet,2026-05-07T09:10:13.060738
TXN-80C777F9,STU40018,183000,Wallet,2026-05-07T17:12:13.060738
TXN-717B7747,STU50518,382000,Wallet,2026-05-08T01:48:13.060738
TXN-5BEBB4BA,STU92490,491000,Bank,2026-05-09T06:41:13.060738
TXN-4123AEF1,STU20511,442000,Bank,2026-05-07T20:43:13.060738
TXN-8919B35F,STU77162,68000,Wallet,2026-05-08T02:19:13.060738
TXN-9FB6ED11,STU79037,321000,Bank,2026-05-07T15:00:13.060738
TXN-9FDAAB45,STU21341,239000,Bank,2026-05-08T21:17:13.060738
TXN-BB3E4AA7,STU82588,372000,Bank,2026-05-06T12:11:13.060738
TXN-2E94765F,STU97192,165000,Wallet,2026-05-07T15:44:13.060738
TXN-F3F312C3,STU86218,424000,Bank,2026-05-06T15:43:13.060738
TXN-CFDCB6CC,STU73156,260000,Wallet,2026-05-08T16:39:13.060738
TXN-D1601FF1,STU69659,88000,Wallet,2026-05-11T19:35:13.060738
TXN-78E817B6,STU87228,82000,Bank,2026-05-10T03:30:13.060738
TXN-ADE42F91,STU15799,459000,Bank,2026-05-06T19:40:13.060738
TXN-6AB14817,STU40445,306000,Bank,2026-05-10T13:21:13.060738
TXN-81B38EB6,STU10101,473000,Wallet,2026-05-09T06:37:13.060738
TXN-02E6375B,STU95612,435000,Bank,2026-05-05T20:06:13.060738
TXN-91A08CC3,STU95349,183000,Bank,2026-05-10T05:32:13.060738
TXN-1C0708DD,STU45080,270000,Wallet,2026-05-05T03:13:13.060738
TXN-740E01FC,STU38219,59000,Bank,2026-05-05T02:42:13.060738
TXN-D0149088,STU17878,131000,Bank,2026-05-08T02:28:13.060738
TXN-D6882C59,STU18537,461000,Wallet,2026-05-06T14:03:13.060738
TXN-8E69CF2A,STU71824,346000,Bank,2026-05-05T19:03:13.060738
TXN-9FEB1470,STU66626,410000,Wallet,2026-05-08T20:08:13.060738
TXN-0B6FFC32,STU88604,52000,Wallet,2026-05-11T19:28:13.060738
TXN-1817461A,STU97668,252000,Bank,2026-05-07T21:32:13.060738
TXN-349E6D01,STU22255,189000,Wallet,2026-05-09T20:14:13.060738
TXN-C9C55F97,STU99908,470000,Bank,2026-05-06T19:22:13.060738
TXN-118E4EF4,STU35020,256000,Bank,2026-05-09T10:17:13.060738
TXN-DA1D506A,STU69108,161000,Bank,2026-05-08T11:51:13.060738
TXN-2DF0787D,STU57095,390000,Bank,2026-05-07T06:41:13.060738
TXN-DB308215,STU95747,460000,Bank,2026-05-08T10:09:13.060738
TXN-B9B1FA41,STU47537,171000,Wallet,2026-05-06T12:45:13.060738
TXN-0652CFB4,STU27054,94000,Wallet,2026-05-07T20:50:13.060738
TXN-64401C27,STU61392,306000,Wallet,2026-05-10T05:03:13.060738
TXN-EB3B2839,STU49647,478000,Bank,2026-05-05T12:40:13.060738
TXN-747F9019,STU15903,385000,Bank,2026-05-07T08:28:13.060738
TXN-9CD8D799,STU61129,308000,Wallet,2026-05-09T19:33:13.060738
TXN-C262E83E,STU59387,402000,Wallet,2026-05-06T11:10:13.060738
TXN-08F80158,STU85621,490000,Bank,2026-05-08T20:00:13.060738
TXN-D8AEE252,STU81587,74000,Bank,2026-05-06T04:36:13.060738
TXN-27106F80,STU52554,71000,Bank,2026-05-11T12:25:13.060738
TXN-A6121B86,STU13440,479000,Bank,2026-05-10T00:42:13.060738
TXN-C058ED18,STU26858,310000,Bank,2026-05-09T19:01:13.060738
TXN-FE930C97,STU76933,341000,Bank,2026-05-10T14:01:13.060738
TXN-F347303B,STU56576,488000,Wallet,2026-05-11T07:42:13.060738
TXN-33EAF97A,STU92676,416000,Bank,2026-05-10T02:33:13.060738
TXN-EB974EED,STU14700,383000,Bank,2026-05-05T07:44:13.060738
TXN-DE895AEA,STU98766,100000,Bank,2026-05-09T09:42:13.060738
TXN-BD372D02,STU24517,265000,Bank,2026-05-07T18:41:13.060738
TXN-CB90320A,STU92306,144000,Bank,2026-05-05T08:23:13.060738
TXN-EE10F4FD,STU16996,419000,Wallet,2026-05-09T09:31:13.060738
TXN-F3FDBA1C,STU23948,262000,Bank,2026-05-06T13:44:13.060738
TXN-C56B78A9,STU23670,271000,Wallet,2026-05-10T22:08:13.060738
TXN-B6226432,STU83481,375000,Wallet,2026-05-11T16:30:13.060738
TXN-6F11601C,STU24938,64000,Bank,2026-05-08T18:50:13.060738
TXN-B5F8BF2E,STU39965,193000,Wallet,2026-05-11T17:23:13.060738
TXN-57989196,STU76304,445000,Bank,2026-05-11T13:06:13.060738
TXN-B6EC9265,STU34352,61000,Bank,2026-05-05T12:24:13.060738
TXN-BFBCA609,STU34208,276000,Bank,2026-05-09T01:46:13.060738
TXN-467593F4,STU50826,392000,Bank,2026-05-05T15:10:13.060738
TXN-42D4E899,STU15049,291000,Wallet,2026-05-06T05:48:13.060738
TXN-7016E4B9,STU18583,392000,Bank,2026-05-08T02:16:13.060738
TXN-897E7CF4,STU58211,495000,Wallet,2026-05-09T14:34:13.060738
TXN-0A8E5281,STU99840,475000,Wallet,2026-05-10T09:28:13.060738
TXN-F639F7B1,STU99496,431000,Bank,2026-05-07T15:34:13.060738
TXN-FBF231A0,STU59379,137000,Wallet,2026-05-06T17:53:13.060738
TXN-310A2433,STU13657,276000,Wallet,2026-05-05T06:22:13.060738
TXN-6E1E22EA,STU84526,360000,Bank,2026-05-05T09:22:13.060738
TXN-18A6CB62,STU74144,473000,Bank,2026-05-10T00:24:13.060738
TXN-6C05D11F,STU75695,416000,Wallet,2026-05-10T18:33:13.060738
TXN-DF4F1D98,STU73545,394000,Wallet,2026-05-11T08:52:13.060738
TXN-1DE17082,STU35346,445000,Wallet,2026-05-11T01:04:13.060738
TXN-327AD0C1,STU31499,400000,Wallet,2026-05-06T10:47:13.060738
TXN-660785B5,STU34495,244000,Bank,2026-05-05T16:32:13.060738
TXN-37B191E6,STU95451,53000,Bank,2026-05-06T05:55:13.060738
TXN-5AB2E66B,STU65323,253000,Bank,2026-05-07T17:44:13.060738
TXN-D533F962,STU26889,446000,Wallet,2026-05-08T19:10:13.060738
TXN-45904700,STU19405,302000,Bank,2026-05-09T17:55:13.060738
TXN-9C79DD33,STU49875,463000,Wallet,2026-05-09T01:30:13.060738
TXN-7F9EDAA9,STU20470,186000,Bank,2026-05-07T19:10:13.060738
TXN-B417A64D,STU72312,487000,Bank,2026-05-10T12:28:13.060738
TXN-1DDB9FF3,STU57955,287000,Wallet,2026-05-08T13:54:13.060738
TXN-67292D09,STU51569,440000,Wallet,2026-05-09T20:51:13.060738
TXN-CC4BF730,STU13153,405000,Bank,2026-05-09T14:03:13.060738
TXN-EF055D0C,STU83687,345000,Bank,2026-05-08T07:59:13.060738
TXN-689D9718,STU97175,401000,Wallet,2026-05-07T01:57:13.060738
TXN-27AD2541,STU29671,58000,Wallet,2026-05-08T04:41:13.060738
TXN-E1F211C0,STU91791,214000,Wallet,2026-05-09T21:09:13.060738
TXN-947981AD,STU38672,404000,Bank,2026-05-10T09:24:13.060738
TXN-90348378,STU57902,459000,Wallet,2026-05-08T03:08:13.060738
TXN-91C5D2AA,STU57792,340000,Bank,2026-05-07T22:32:13.060738
TXN-F1ADA3DF,STU25999,493000,Bank,2026-05-10T20:12:13.060738
TXN-D3DD5422,STU32152,167000,Wallet,2026-05-07T01:34:13.060738
TXN-C9EA5A65,STU39562,50000,Bank,2026-05-04T23:18:13.060738
TXN-693CC400,STU58967,305000,Bank,2026-05-05T14:06:13.060738
TXN-95529816,STU75413,90000,Wallet,2026-05-10T20:30:13.060738
TXN-FBA50AFC,STU49129,492000,Bank,2026-05-11T14:55:13.060738
TXN-6B42A299,STU95364,491000,Wallet,2026-05-06T11:17:13.060738
TXN-A6B8F87B,STU51587,277000,Bank,2026-05-10T17:48:13.060738
TXN-A64B077A,STU17035,372000,Wallet,2026-05-08T10:13:13.060738
TXN-79892F1C,STU74501,310000,Bank,2026-05-06T21:11:13.060738
